resid,resCavID
ARG_A_24,ARG_A_24
ARG_A_56,ARG_A_56
GLU_A_252,GLU_A_252
TYR_A_46,TYR_A_46
MET_A_74,MET_A_74
LYS_A_36,LYS_A_36
GLU_A_75,GLU_A_75
LYS_A_41,LYS_A_41
VAL_A_213,VAL_A_213
ILE_A_171,ILE_A_171
ASP_A_11,ASP_A_11
ILE_A_275,ILE_A_275
LYS_A_248,LYS_A_248
PHE_A_135,PHE_A_135
ARG_A_105,ARG_A_105
SER_A_146,SER_A_146
ASN_A_40,ASN_A_40
MET_A_1,MET_A_1
LYS_A_141,LYS_A_141
PHE_A_174,PHE_A_174
MET_A_109,MET_A_109
HIS_A_214,HIS_A_214
CYS_A_231,CYS_A_231
VAL_A_198,VAL_A_198
LEU_A_251,LEU_A_251
ILE_A_10,ILE_A_10
ARG_A_257,ARG_A_257
LEU_A_267,LEU_A_267
ALA_A_122,ALA_A_122
CYS_A_92,CYS_A_92
PHE_A_30,PHE_A_30
GLU_A_129,GLU_A_129
ARG_A_254,ARG_A_254
GLU_A_132,GLU_A_132
PRO_A_188,PRO_A_188
PHE_A_280,PHE_A_280
ARG_A_43,ARG_A_43
ILE_A_246,ILE_A_246
PRO_A_206,PRO_A_206
ALA_A_18,ALA_A_18
ARG_A_45,ARG_A_45
THR_A_165,THR_A_165
ILE_A_23,ILE_A_23
GLN_A_266,GLN_A_266
TYR_A_81,TYR_A_81
ASP_A_245,ASP_A_245
SER_A_270,SER_A_270
ALA_A_264,ALA_A_264
GLU_A_8,GLU_A_8
LEU_A_37,LEU_A_37
ASP_A_148,ASP_A_148
ASP_A_29,ASP_A_29
LEU_A_272,LEU_A_272
ASP_A_137,ASP_A_137
LYS_A_128,LYS_A_128
ALA_A_17,ALA_A_17
VAL_A_155,VAL_A_155
MET_A_3,MET_A_3
GLU_A_167,GLU_A_167
CYS_A_121,CYS_A_121
SER_A_203,SER_A_203
THR_A_143,THR_A_143
ALA_A_273,ALA_A_273
GLN_A_127,GLN_A_127
ILE_A_82,ILE_A_82
PHE_A_256,PHE_A_256
LEU_A_172,LEU_A_172
ILE_A_219,ILE_A_219
HIS_A_60,HIS_A_60
HIS_A_25,HIS_A_25
ALA_A_69,ALA_A_69
LEU_A_140,LEU_A_140
GLY_A_223,GLY_A_223
LEU_A_160,LEU_A_160
LEU_A_163,LEU_A_163
SER_A_151,SER_A_151
LYS_A_150,LYS_A_150
THR_A_138,THR_A_138
LYS_A_103,LYS_A_103
ASP_A_181,ASP_A_181
GLU_A_161,GLU_A_161
THR_A_84,THR_A_84
ASP_A_265,ASP_A_265
TYR_A_66,TYR_A_66
ALA_A_77,ALA_A_77
GLU_A_136,GLU_A_136
ARG_A_156,ARG_A_156
GLU_A_97,GLU_A_97
HIS_A_54,HIS_A_54
LYS_A_197,LYS_A_197
ASP_A_48,ASP_A_48
PRO_A_241,PRO_A_241
PHE_A_269,PHE_A_269
VAL_A_34,VAL_A_34
ARG_A_79,ARG_A_79
GLU_A_147,GLU_A_147
ASP_A_240,ASP_A_240
LYS_A_39,LYS_A_39
ARG_A_199,ARG_A_199
SER_A_222,SER_A_222
GLY_A_220,GLY_A_220
HIS_A_173,HIS_A_173
GLU_A_62,GLU_A_62
THR_A_154,THR_A_154
ASN_A_44,ASN_A_44
GLN_A_262,GLN_A_262
GLY_A_209,GLY_A_209
ILE_A_281,ILE_A_281
PHE_A_196,PHE_A_196
PRO_A_126,PRO_A_126
VAL_A_108,VAL_A_108
LEU_A_250,LEU_A_250
GLU_A_207,GLU_A_207
LEU_A_110,LEU_A_110
TYR_A_152,TYR_A_152
ARG_A_33,ARG_A_33
MET_A_98,MET_A_98
THR_A_178,THR_A_178
THR_A_230,THR_A_230
ALA_A_217,ALA_A_217
GLU_A_76,GLU_A_76
LEU_A_71,LEU_A_71
GLY_A_277,GLY_A_277
VAL_A_244,VAL_A_244
HIS_A_94,HIS_A_94
GLY_A_259,GLY_A_259
SER_A_80,SER_A_80
LEU_A_232,LEU_A_232
LYS_A_247,LYS_A_247
ILE_A_145,ILE_A_145
MET_A_133,MET_A_133
TYR_A_153,TYR_A_153
GLU_A_276,GLU_A_276
LEU_A_142,LEU_A_142
ARG_A_112,ARG_A_112
MET_A_282,MET_A_282
LEU_A_260,LEU_A_260
TYR_A_176,TYR_A_176
SER_A_15,SER_A_15
LEU_A_195,LEU_A_195
PHE_A_191,PHE_A_191
GLN_A_157,GLN_A_157
GLU_A_130,GLU_A_130
SER_A_13,SER_A_13
LEU_A_144,LEU_A_144
GLU_A_6,GLU_A_6
ASP_A_65,ASP_A_65
VAL_A_274,VAL_A_274
ILE_A_261,ILE_A_261
PHE_A_182,PHE_A_182
LYS_A_5,LYS_A_5
LEU_A_88,LEU_A_88
ILE_A_19,ILE_A_19
GLU_A_115,GLU_A_115
MET_A_253,MET_A_253
PRO_A_87,PRO_A_87
GLN_A_102,GLN_A_102
LEU_A_204,LEU_A_204
TYR_A_124,TYR_A_124
GLN_A_166,GLN_A_166
THR_A_263,THR_A_263
ARG_A_268,ARG_A_268
LEU_A_59,LEU_A_59
GLU_A_4,GLU_A_4
ASN_A_68,ASN_A_68
GLY_A_14,GLY_A_14
GLY_A_86,GLY_A_86
GLN_A_21,GLN_A_21
PRO_A_31,PRO_A_31
SER_A_216,SER_A_216
LEU_A_233,LEU_A_233
VAL_A_211,VAL_A_211
PHE_A_52,PHE_A_52
SER_A_104,SER_A_104
ALA_A_27,ALA_A_27
ILE_A_67,ILE_A_67
CYS_A_215,CYS_A_215
TRP_A_125,TRP_A_125
SER_A_187,SER_A_187
LEU_A_158,LEU_A_158
PHE_A_225,PHE_A_225
LYS_A_120,LYS_A_120
ALA_A_228,ALA_A_228
SER_A_242,SER_A_242
MET_A_235,MET_A_235
MET_A_114,MET_A_114
ASN_A_193,ASN_A_193
VAL_A_184,VAL_A_184
LYS_A_255,LYS_A_255
SER_A_243,SER_A_243
SER_A_118,SER_A_118
GLN_A_85,GLN_A_85
SER_A_28,SER_A_28
PHE_A_194,PHE_A_194
LEU_A_192,LEU_A_192
GLY_A_106,GLY_A_106
VAL_A_249,VAL_A_249
TRP_A_96,TRP_A_96
ASN_A_139,ASN_A_139
LYS_A_131,LYS_A_131
ILE_A_134,ILE_A_134
CYS_A_32,CYS_A_32
SER_A_50,SER_A_50
CYS_A_226,CYS_A_226
LYS_A_58,LYS_A_58
THR_A_164,THR_A_164
VAL_A_107,VAL_A_107
TRP_A_16,TRP_A_16
LYS_A_239,LYS_A_239
ASP_A_53,ASP_A_53
GLU_A_186,GLU_A_186
LYS_A_116,LYS_A_116
LYS_A_12,LYS_A_12
MET_A_258,MET_A_258
PRO_A_180,PRO_A_180
GLN_A_123,GLN_A_123
GLN_A_78,GLN_A_78
GLU_A_159,GLU_A_159
LEU_A_119,LEU_A_119
GLY_A_202,GLY_A_202
ALA_A_35,ALA_A_35
THR_A_91,THR_A_91
GLY_A_218,GLY_A_218
LEU_A_234,LEU_A_234
GLU_A_200,GLU_A_200
ASN_A_90,ASN_A_90
ARG_A_169,ARG_A_169
VAL_A_113,VAL_A_113
VAL_A_212,VAL_A_212
ILE_A_72,ILE_A_72
PRO_A_185,PRO_A_185
ASP_A_236,ASP_A_236
THR_A_168,THR_A_168
ALA_A_278,ALA_A_278
ASP_A_229,ASP_A_229
LEU_A_83,LEU_A_83
VAL_A_49,VAL_A_49
LYS_A_237,LYS_A_237
GLN_A_61,GLN_A_61
SER_A_205,SER_A_205
PHE_A_95,PHE_A_95
GLU_A_101,GLU_A_101
TRP_A_179,TRP_A_179
GLY_A_183,GLY_A_183
THR_A_177,THR_A_177
ILE_A_57,ILE_A_57
ASP_A_63,ASP_A_63
ALA_A_189,ALA_A_189
SER_A_55,SER_A_55
ARG_A_238,ARG_A_238
GLY_A_93,GLY_A_93
ASP_A_22,ASP_A_22
HIS_A_175,HIS_A_175
PHE_A_7,PHE_A_7
GLU_A_2,GLU_A_2
GLY_A_117,GLY_A_117
PRO_A_51,PRO_A_51
LEU_A_227,LEU_A_227
HIS_A_208,HIS_A_208
SER_A_190,SER_A_190
ASN_A_42,ASN_A_42
TYR_A_20,TYR_A_20
GLU_A_26,GLU_A_26
ARG_A_221,ARG_A_221
GLN_A_9,GLN_A_9
SER_A_201,SER_A_201
LYS_A_279,LYS_A_279
PRO_A_38,PRO_A_38
ASN_A_64,ASN_A_64
LYS_A_73,LYS_A_73
ILE_A_149,ILE_A_149
GLU_A_170,GLU_A_170
TYR_A_271,TYR_A_271
ARG_A_47,ARG_A_47
TRP_A_100,TRP_A_100
VAL_A_99,VAL_A_99
ASN_A_111,ASN_A_111
PRO_A_210,PRO_A_210
SER_A_70,SER_A_70
THR_A_224,THR_A_224
PRO_A_89,PRO_A_89
ASN_A_162,ASN_A_162
